{"cameraMode":{"drawMode":0,"name":"Shaded","section":"Shading Mode"},"sceneLighting":true,"audioPlay":false,"sceneViewState":{"showFog":true,"showMaterialUpdate":false,"showSkybox":true,"showFlares":true,"showImageEffects":true,"showParticleSystems":true},"in2DMode":false,"pivot":{"x":967.018310546875,"y":855.9138793945313,"z":15.153778076171875},"rotation":{"x":0.02248009853065014,"y":0.7846686840057373,"z":-0.028503602370619775,"w":0.6188531517982483},"size":1330.2724609375,"orthographic":false}